Gender,Avg_Intelligence,Avg_Strength,Avg_Speed,Avg_Power
-,25.0,10.0,35.0,21.0
Female,60.333333333333336,32.166666666666664,38.333333333333336,51.44444444444444
Male,63.6,47.127272727272725,43.127272727272725,67.0909090909091
